Workbook

Sheet 2026_DAILY_TRACKER
A1: Date | B1: 7h Sleep | C1: Wake up at 8:30 AM | D1: No Scrolling | E1: Empty | F1: Journaling | G1: 2L Water | H1: DSA Coding | I1: Exercise | J1: MERN Stack | K1: Nightly Nomination | L1: Daily Score | M1: Daily % | N1: Warning
A2: 46023 | B2: TRUE | C2: TRUE | D2: TRUE | E2: TRUE | F2: TRUE | G2: TRUE | H2: TRUE | I2: TRUE | J2: TRUE | K2: TRUE | L2: =COUNTIF(B2:K2,TRUE) -> 10 | M2: =L2/10 -> 1 | N2: =IF(A2<=TODAY(),IF(COUNTIF(B2:K2,TRUE)=0,"⚠️ Zero Day",""),"")
A3: 46024 | B3: TRUE | C3: FALSE | D3: FALSE | E3: FALSE | F3: FALSE | G3: FALSE | H3: FALSE | I3: FALSE | J3: FALSE | K3: TRUE | L3: =COUNTIF(B3:K3,TRUE) -> 2 | M3: =L3/10 -> 0.2 | N3: =IF(A3<=TODAY(),IF(COUNTIF(B3:K3,TRUE)=0,"⚠️ Zero Day",""),"")
A4: 46025 | L4: =COUNTIF(B4:K4,TRUE) -> 0 | M4: =L4/10 -> 0 | N4: =IF(A4<=TODAY(),IF(COUNTIF(B4:K4,TRUE)=0,"⚠️ Zero Day",""),"") -> ⚠️ Zero Day
A5: 46026 | L5: =COUNTIF(B5:K5,TRUE) -> 0 | M5: =L5/10 -> 0 | N5: =IF(A5<=TODAY(),IF(COUNTIF(B5:K5,TRUE)=0,"⚠️ Zero Day",""),"") -> ⚠️ Zero Day
A6: 46027 | L6: =COUNTIF(B6:K6,TRUE) -> 0 | M6: =L6/10 -> 0 | N6: =IF(A6<=TODAY(),IF(COUNTIF(B6:K6,TRUE)=0,"⚠️ Zero Day",""),"") -> ⚠️ Zero Day
A7: 46028 | L7: =COUNTIF(B7:K7,TRUE) -> 0 | M7: =L7/10 -> 0 | N7: =IF(A7<=TODAY(),IF(COUNTIF(B7:K7,TRUE)=0,"⚠️ Zero Day",""),"") -> ⚠️ Zero Day
A8: 46029 | L8: =COUNTIF(B8:K8,TRUE) -> 0 | M8: =L8/10 -> 0 | N8: =IF(A8<=TODAY(),IF(COUNTIF(B8:K8,TRUE)=0,"⚠️ Zero Day",""),"") -> ⚠️ Zero Day
A9: 46030 | L9: =COUNTIF(B9:K9,TRUE) -> 0 | M9: =L9/10 -> 0 | N9: =IF(A9<=TODAY(),IF(COUNTIF(B9:K9,TRUE)=0,"⚠️ Zero Day",""),"") -> ⚠️ Zero Day
A10: 46031 | L10: =COUNTIF(B10:K10,TRUE) -> 0 | M10: =L10/10 -> 0 | N10: =IF(A10<=TODAY(),IF(COUNTIF(B10:K10,TRUE)=0,"⚠️ Zero Day",""),"") -> ⚠️ Zero Day
A11: 46032 | L11: =COUNTIF(B11:K11,TRUE) -> 0 | M11: =L11/10 -> 0 | N11: =IF(A11<=TODAY(),IF(COUNTIF(B11:K11,TRUE)=0,"⚠️ Zero Day",""),"") -> ⚠️ Zero Day
A12: 46033 | L12: =COUNTIF(B12:K12,TRUE) -> 0 | M12: =L12/10 -> 0 | N12: =IF(A12<=TODAY(),IF(COUNTIF(B12:K12,TRUE)=0,"⚠️ Zero Day",""),"") -> ⚠️ Zero Day
A13: 46034 | L13: =COUNTIF(B13:K13,TRUE) -> 0 | M13: =L13/10 -> 0 | N13: =IF(A13<=TODAY(),IF(COUNTIF(B13:K13,TRUE)=0,"⚠️ Zero Day",""),"") -> ⚠️ Zero Day
A14: 46035 | L14: =COUNTIF(B14:K14,TRUE) -> 0 | M14: =L14/10 -> 0 | N14: =IF(A14<=TODAY(),IF(COUNTIF(B14:K14,TRUE)=0,"⚠️ Zero Day",""),"") -> ⚠️ Zero Day
A15: 46036 | L15: =COUNTIF(B15:K15,TRUE) -> 0 | M15: =L15/10 -> 0 | N15: =IF(A15<=TODAY(),IF(COUNTIF(B15:K15,TRUE)=0,"⚠️ Zero Day",""),"") -> ⚠️ Zero Day
... A366: 46387 | L366: =COUNTIF(B366:K366,TRUE) -> 0 | M366: =L366/10 -> 0 | N366: =IF(A366<=TODAY(),IF(COUNTIF(B366:K366,TRUE)=0,"⚠️ Zero Day",""),"")

Sheet DASHBOARD
A1: 2026 LIFE DISCIPLINE DASHBOARD
A3: Overall Completion % | B3: =AVERAGE('2026_DAILY_TRACKER'!M2:M366) -> 0.0032876712
A6: A | B6: B | C6: C
A7: Category | B7: Sub-Category | C7: Value
A8: Discipline | B8: Overall | C8: =B3 -> 0.0032876712
A9: Discipline | B9: 7h Sleep | C9: =COUNTIF('2026_DAILY_TRACKER'!B:B,TRUE)/COUNTA('2026_DAILY_TRACKER'!A:A) -> 0.0054644809
A10: Discipline | B10: Wake up 8:30 | C10: =COUNTIF('2026_DAILY_TRACKER'!C:C,TRUE)/COUNTA('2026_DAILY_TRACKER'!A:A) -> 0.0027322404
A11: Discipline | B11: No Scrolling | C11: =COUNTIF('2026_DAILY_TRACKER'!D:D,TRUE)/COUNTA('2026_DAILY_TRACKER'!A:A) -> 0.0027322404
A12: Discipline | B12: Journaling | C12: =COUNTIF('2026_DAILY_TRACKER'!F:F,TRUE)/COUNTA('2026_DAILY_TRACKER'!A:A) -> 0.0027322404
A13: Discipline | B13: 2L Water | C13: =COUNTIF('2026_DAILY_TRACKER'!G:G,TRUE)/COUNTA('2026_DAILY_TRACKER'!A:A) -> 0.0027322404
A14: Discipline | B14: DSA Coding | C14: =COUNTIF('2026_DAILY_TRACKER'!H:H,TRUE)/COUNTA('2026_DAILY_TRACKER'!A:A) -> 0.0027322404
A15: Discipline | B15: Exercise | C15: =COUNTIF('2026_DAILY_TRACKER'!I:I,TRUE)/COUNTA('2026_DAILY_TRACKER'!A:A) -> 0.0027322404
A16: Discipline | B16: MERN Stack | C16: =COUNTIF('2026_DAILY_TRACKER'!J:J,TRUE)/COUNTA('2026_DAILY_TRACKER'!A:A) -> 0.0027322404
